"","Skipaskrárnúmer","Lengd","Brúttórúmmál","Brúttótonn","WSA","gerd"
"1",78,39.4,227.24,356,490.558187837398,"storir"
"2",89,36.05,178.55,276.83,421.62848899316,"storir"
"3",173,31.76,123.96,188.56,334.609503034506,"storir"
"4",177,27.09,0,186.68,332.597132789749,"midlungs"
"5",182,28.95,198.56,293.08,436.358371375982,"midlungs"
"6",233,40.09,252.16,366.53,499.242518347786,"storir"
"7",253,37.22,243.83,344,480.53587112657,"storir"
"8",264,49,331.12,471.17,580.725054859057,"storir"
"9",363,24.6,80.6,91.99,217.214834966669,"midlungs"
"10",396,10.42,7.9,10.05,57.2824519202502,"litlir"
"11",530,21.84,63.71,53,155.858934728196,"midlungs"
"12",741,20.9,64.21,61,169.623566625916,"midlungs"
"13",795,27.43,95.85,108.88,240.414353918235,"midlungs"
"14",926,22.43,51.12,58,164.551286554684,"midlungs"
"15",968,38.95,243.43,349,484.728479845154,"storir"
"16",972,41.71,256.44,400.98,526.984088342252,"storir"
"17",975,41.43,260.54,435.59,553.914235321981,"storir"
"18",1006,47.74,334.13,505.9,606.128307651508,"storir"
"19",1019,34.86,199.5,317,457.462296596495,"storir"
"20",1028,39.46,256.34,393.59,521.115692770282,"storir"
"21",1030,43.9,298.62,402.13,527.893418342036,"storir"
"22",1043,31.54,149.65,212,359.063961726287,"storir"
"23",1054,26.95,101.01,175.58,320.546919035352,"midlungs"
"24",1062,52.07,407.58,575.28,654.884865727041,"storir"
"25",1076,56.76,480.64,704.43,739.802869880787,"storir"
"26",1081,23.17,60.77,54,157.622667700198,"midlungs"
"27",1084,35.99,161.92,271.09,416.343659924914,"storir"
"28",1092,12.08,0,13.43,68.2054988553461,"litlir"
"29",1102,16.88,34.76,30.36,111.445694237403,"midlungs"
"30",1126,22.97,62.15,65,176.234719156358,"midlungs"
"31",1131,55.88,776.61,822,811.840034947583,"storir"
"32",1134,33.3,152.95,236,383.010478670693,"storir"
"33",1136,47,0,575.06,654.734087752227,"storir"
"34",1149,13.56,14.27,22.33,92.6293552985071,"litlir"
"35",1178,23.32,61.87,61,169.623566625916,"midlungs"
"36",1184,14.76,19.99,25.5,100.335546084652,"litlir"
"37",1202,35.37,150.84,255,401.286748709691,"storir"
"38",1246,28.15,99.2,183,328.634524543292,"midlungs"
"39",1254,17.2,29.36,28,106.146765511304,"midlungs"
"40",1272,52.6,486.48,671.54,718.811316360071,"storir"
"41",1274,57.89,582.96,849,827.789778785445,"storir"
"42",1277,55.9,549.27,843.95,824.822109979955,"storir"
"43",1281,53.87,550.17,819.35,810.263440614755,"storir"
"44",1303,17.4,28.83,24,96.7397136605781,"midlungs"
"45",1304,28.8,112.66,200.68,347.396224059167,"midlungs"
"46",1318,21.78,59.03,66.37,178.461551493634,"midlungs"
"47",1321,33.86,161.66,242.4,389.229962683168,"storir"
"48",1324,26.72,101.16,159.56,302.606250738591,"midlungs"
"49",1343,32.27,0,252.21,398.637853767142,"storir"
"50",1345,78.9,1065.22,1723,1267.53910622173,"storir"
"51",1351,69.74,0,1318.89,1079.15342260651,"storir"
"52",1360,69.57,0,1190.59,1014.6739081439,"storir"
"53",1371,24.68,77.89,75.32,192.582862434735,"midlungs"
"54",1399,29.29,108.36,194.92,341.358863947571,"midlungs"
"55",1401,52.82,446.46,601.15,672.458219939377,"storir"
"56",1403,17.6,40.91,35,121.407800932146,"midlungs"
"57",1416,48.87,0,714,745.837050189588,"storir"
"58",1426,29.65,115.32,189.99,336.134846402311,"midlungs"
"59",1429,11.82,9.76,11.66,62.6426551696318,"litlir"
"60",1434,23.29,73.01,76.98,195.126893269586,"midlungs"
"61",1440,17.07,27.37,25,99.1465291404313,"midlungs"
"62",1451,49.85,0,686.33,728.300294602244,"storir"
"63",1458,26.92,98.76,159.87,302.960039686844,"midlungs"
"64",1476,49.85,424.45,658.2,710.181038413147,"storir"
"65",1489,11.16,12.81,14.34,70.9512774521771,"litlir"
"66",1499,17.47,28.83,28.83,108.02993251574,"midlungs"
"67",1500,10.3,8.3,11.49,62.091233464735,"litlir"
"68",1502,16.45,29.01,23,94.2926382848982,"midlungs"
"69",1511,11.16,14.5,14.03,70.0239085109859,"litlir"
"70",1516,11.87,11.12,14.92,72.6651980568121,"litlir"
"71",1523,11.52,10.94,13.65,68.8759316221712,"litlir"
"72",1525,74.29,1181.07,1692.53,1253.99708800732,"storir"
"73",1527,23.48,72.52,83.75,205.283710578675,"midlungs"
"74",1540,10.07,7.61,7.51,48.0676479984884,"litlir"
"75",1542,11.39,14.26,12.86,66.4478132461237,"litlir"
"76",1543,17.5,29.92,40.43,132.419908166323,"midlungs"
"77",1544,8.77,8.46,8.5,51.7878430754939,"litlir"
"78",1546,15.28,23.33,20.34,87.5678932009414,"midlungs"
"79",1560,8.33,6.15,4.7,36.2510458486417,"litlir"
"80",1561,8.85,4.92,5.45,39.6303880134662,"litlir"
"81",1565,9.42,0,9.09,53.9228810096477,"litlir"
"82",1568,9.78,7.32,9.15,54.1368682420567,"litlir"
"83",1578,57,485.46,878,844.697733055773,"storir"
"84",1579,68.2,627.84,1141,989.016615961394,"storir"
"85",1585,50.85,431.18,716.43,747.364105398314,"storir"
"86",1587,14.9,26.17,25.44,100.193357114898,"litlir"
"87",1590,7.3,3.9,3.78,31.7956489652511,"litlir"
"88",1591,38.69,237.58,358,492.215416679178,"storir"
"89",1595,28.95,192.01,292.06,435.443510704367,"midlungs"
"90",1611,17.55,28.91,38.57,128.718186583128,"midlungs"
"91",1618,8.75,8.59,7.8,49.1766092803739,"litlir"
"92",1621,11.49,11.24,13.07,67.0989205906953,"litlir"
"93",1629,28.93,177.58,237.36,384.337680773258,"midlungs"
"94",1636,21.2,0,67.62,180.477422635354,"midlungs"
"95",1637,11.8,11.96,14.62,71.7820650984318,"litlir"
"96",1642,13.11,11.24,18.89,83.7547156932892,"litlir"
"97",1645,38.99,273.68,477.92,585.719204204467,"storir"
"98",1650,12.6,11.92,13.54,68.5412571868401,"litlir"
"99",1661,49.86,423.45,674,720.395328294543,"storir"
"100",1664,28.9,113.69,237.24,384.22069666466,"midlungs"
"101",1666,12.72,11.62,18.83,83.5944650130758,"litlir"
"102",1674,25.99,144.15,202.11,348.884348638949,"midlungs"
"103",1684,8.86,6.78,7.39,47.6037956250544,"litlir"
"104",1695,8.78,5.32,5.96,41.8230670759452,"litlir"
"105",1730,10.22,9.71,10.39,58.4413432839016,"litlir"
"106",1734,9.5,7.15,8.56,52.007602827072,"litlir"
"107",1737,7.8,4.59,4.78,36.6212550395562,"litlir"
"108",1742,66.74,892.8,1410.56,1123.70251196959,"storir"
"109",1743,28.92,134.06,225,372.161553559571,"midlungs"
"110",1744,8.47,4.92,5.45,39.6303880134662,"litlir"
"111",1751,24.95,113.45,180.38,325.793965908391,"midlungs"
"112",1752,41.98,299.03,531.48,624.396930933252,"storir"
"113",1755,21.99,59.3,68,181.087300855057,"midlungs"
"114",1761,12.69,11.86,19.73,85.9773658906184,"litlir"
"115",1762,10.99,9.73,10.76,59.6854699040704,"litlir"
"116",1764,12.1,0,14.78,72.2539575143497,"litlir"
"117",1765,9.45,5.86,9.35,54.8461591853544,"litlir"
"118",1769,7.8,4.59,4.78,36.6212550395562,"litlir"
"119",1770,8.87,7.51,7.33,47.3707458592997,"litlir"
"120",1771,10.15,9.62,9.61,55.7592738655273,"litlir"
"121",1774,11.77,9.3,14.88,72.5478580658586,"litlir"
"122",1775,10.15,9.69,9.61,55.7592738655273,"litlir"
"123",1776,9.79,5.97,7.96,49.7814218669579,"litlir"
"124",1777,7.8,4.59,4.8,36.7134210435146,"litlir"
"125",1785,8.68,6.05,6.71,44.916363435525,"litlir"
"126",1787,14.07,19.15,24.3,97.4658796592161,"litlir"
"127",1790,11.33,9.41,10.96,60.3508767449702,"litlir"
"128",1791,11.99,10.69,16.92,78.3816941297571,"litlir"
"129",1792,7.8,4.59,4.78,36.6212550395562,"litlir"
"130",1794,8.46,5.57,6.78,45.1978634542527,"litlir"
"131",1796,8.05,4.68,4.83,36.8513839842351,"litlir"
"132",1802,8.68,5.42,6.54,44.2278099335293,"litlir"
"133",1803,9.78,5.98,7.01,46.1147519470115,"litlir"
"134",1808,9.38,0,7.72,48.8723525363691,"litlir"
"135",1813,7.99,4.59,4.78,36.6212550395562,"litlir"
"136",1827,7.8,4.59,4.78,36.6212550395562,"litlir"
"137",1828,8.79,5.46,5.99,41.9496727418564,"litlir"
"138",1829,11.88,10.91,16.08,76.0154426502913,"litlir"
"139",1833,56.5,882.81,1469.7,1151.8324352646,"storir"
"140",1834,11.99,9.77,16.89,78.2980018557853,"litlir"
"141",1836,8.38,4.59,4.78,36.6212550395562,"litlir"
"142",1841,9.9,8.91,8.86,53.0973358107645,"litlir"
"143",1842,9.93,7.18,9.5,55.3741713763767,"litlir"
"144",1844,10.98,7.94,10.75,59.6520709255119,"litlir"
"145",1848,14.78,15.04,23.14,94.637741960753,"litlir"
"146",1852,12.67,0,18.8,83.5142634705807,"litlir"
"147",1855,25.94,0,118.41,252.870073918812,"midlungs"
"148",1856,25.46,82.57,113.74,246.818319413373,"midlungs"
"149",1857,11.06,9.63,12.94,66.6963495245026,"litlir"
"150",1859,12.78,10.83,18.32,82.2240307230594,"litlir"
"151",1861,8.4,4.68,5.07,37.9430660296581,"litlir"
"152",1862,13.63,11.32,21.11,89.5487538279704,"litlir"
"153",1868,56.86,882.81,1469.7,1151.8324352646,"storir"
"154",1871,7.8,4.59,4.78,36.6212550395562,"litlir"
"155",1873,13.97,11.7,21.59,90.7690355104278,"litlir"
"156",1876,11.04,9.74,9.73,56.1773902450956,"litlir"
"157",1881,10.34,9.76,9.7,56.0730544726438,"litlir"
"158",1883,10.98,8.2,12.27,64.5954691534671,"litlir"
"159",1887,14.62,13,29.95,110.537215379416,"litlir"
"160",1888,11.34,0,12.06,63.9276455026001,"litlir"
"161",1890,14.98,0,26.43,102.522720585302,"litlir"
"162",1893,13.49,11.35,21.15,89.6508628575829,"litlir"
"163",1902,55.6,784.07,1521,1175.87028861044,"storir"
"164",1904,9.27,5.1,5.99,41.9496727418564,"litlir"
"165",1905,39.77,254.33,477,585.040180301492,"storir"
"166",1906,10.8,9.27,10.42,58.5428683100704,"litlir"
"167",1907,14.5,18.79,25.32,99.9085781359256,"litlir"
"168",1909,11.1,9.88,11.05,60.6487314505037,"litlir"
"169",1910,9.53,8.11,8.64,52.2996645184796,"litlir"
"170",1914,11.95,0,14.74,72.1361758149141,"litlir"
"171",1915,10.4,9.95,12.14,64.1825960630877,"litlir"
"172",1918,10.59,8.62,12.16,64.2462291197881,"litlir"
"173",1920,11.87,9.98,14.55,71.5749662744428,"litlir"
"174",1921,13.84,11.73,19.74,86.003596582491,"litlir"
"175",1922,11.97,0,14.72,72.0772372655737,"litlir"
"176",1924,9.12,5.69,6.7,44.8760539339255,"litlir"
"177",1925,9.8,9.6,9.74,56.212140374128,"litlir"
"178",1926,11.02,9.74,10.86,60.0187829840822,"litlir"
"179",1928,11.64,11.65,13.72,69.0883475083542,"litlir"
"180",1932,9.8,9.6,9.54,55.5144129528127,"litlir"
"181",1937,50.53,498.83,1142.22,989.653091757996,"storir"
"182",1952,7.73,4.48,4.83,36.8513839842351,"litlir"
"183",1954,10.46,9.76,9.98,57.0419306029843,"litlir"
"184",1958,9.97,5.86,8.72,52.5906518708474,"litlir"
"185",1959,12.84,11.23,18.5,82.7094267096474,"litlir"
"186",1963,10.4,9.95,12.19,64.3416006579798,"litlir"
"187",1964,27.48,103.33,159,301.966453890133,"midlungs"
"188",1968,19.47,59.67,59,166.25340206338,"midlungs"
"189",1969,11.04,9.91,11.96,63.6080087553764,"litlir"
"190",1971,8.81,6.15,6.79,45.2379831196329,"litlir"
"191",1972,62.96,0,1551.3,1189.91652860123,"storir"
"192",1977,57.58,771.58,1402,1119.59238079535,"storir"
"193",1979,19.99,29.93,71,185.855388031307,"midlungs"
"194",1986,14.05,11.24,21.56,90.6930863503472,"litlir"
"195",1991,8.58,5.62,5.72,40.8009278462128,"litlir"
"196",1992,8.68,5.7,5.23,38.6594478330811,"litlir"
"197",1998,9.24,7.37,7.52,48.1061687191212,"litlir"
"198",1999,11.8,11.98,17.22,79.2153936365693,"litlir"
"199",2005,11.48,11.97,13.73,69.1186573878785,"litlir"
"200",2010,9,5.19,6.74,45.0371487252924,"litlir"
"201",2017,25.95,143.27,243,389.809668505504,"midlungs"
"202",2018,13.8,11.77,19.78,86.1084665061128,"litlir"
"203",2020,36.86,277.17,496.66,599.439364216681,"storir"
"204",2025,36.63,277.44,437.44,555.329267644158,"storir"
"205",2032,9.14,4.74,5.84,41.3140874104431,"litlir"
"206",2033,11.72,10.42,13.42,68.1749211960197,"litlir"
"207",2040,25.96,161.57,262.23,408.097956216459,"midlungs"
"208",2045,10.94,0,12.03,63.831865613382,"litlir"
"209",2047,19.03,27.9,34.65,120.675464710755,"midlungs"
"210",2048,28.98,0,356.48,490.956259982863,"midlungs"
"211",2049,9.86,5.79,9.4,55.0225353295135,"litlir"
"212",2050,12.45,11.97,15.3,73.7737519958645,"litlir"
"213",2056,9.97,5.47,9.15,54.1368682420567,"litlir"
"214",2062,10.82,6.88,10.41,58.5090395765134,"litlir"
"215",2064,8.75,5.54,5.93,41.6962075183328,"litlir"
"216",2068,11.88,11.14,15.26,73.657582237324,"litlir"
"217",2069,9.97,5.47,9.15,54.1368682420567,"litlir"
"218",2070,12.6,0,14.9,72.6065437329233,"litlir"
"219",2072,8.74,6.87,5.71,40.7579720581728,"litlir"
"220",2076,11.99,9.86,13.03,66.9752230048941,"litlir"
"221",2081,9,5.19,6.73,44.9969107815864,"litlir"
"222",2082,9,5.19,6.73,44.9969107815864,"litlir"
"223",2084,10.03,6.72,8.51,51.8245124715086,"litlir"
"224",2085,10.54,5.99,9.45,55.1985384744767,"litlir"
"225",2088,8.55,4.68,5.84,41.3140874104431,"litlir"
"226",2090,9.16,0,6.91,45.7175990612951,"litlir"
"227",2091,9.93,7.23,9.81,56.45499490186,"litlir"
"228",2093,12.27,9.57,14.53,71.5157223932614,"litlir"
"229",2097,9.25,5.12,5.9,41.5690922715424,"litlir"
"230",2098,8.64,0,5.85,41.3566603770026,"litlir"
"231",2099,13.15,10.9,19.03,84.1278481688211,"litlir"
"232",2104,8.67,5.96,5.79,41.1007858258012,"litlir"
"233",2106,10.47,0,11.29,61.4383272848753,"litlir"
"234",2110,10.3,5.66,9.7,56.0730544726438,"litlir"
"235",2112,8.55,4.74,5.84,41.3140874104431,"litlir"
"236",2122,9.96,9.61,10.19,57.7615034595251,"litlir"
"237",2125,11.96,8.35,13.73,69.1186573878785,"litlir"
"238",2126,8.96,6.43,7.52,48.1061687191212,"litlir"
"239",2136,10.45,0,10.18,57.7273727246091,"litlir"
"240",2147,8.95,6.11,5.79,41.1007858258012,"litlir"
"241",2148,9.15,6.85,8.14,50.45608177117,"litlir"
"242",2151,11.03,0,11.57,62.3511276295365,"litlir"
"243",2157,9.07,0,7.79,49.1386453365286,"litlir"
"244",2158,43.21,411.72,689.16,730.106655841176,"storir"
"245",2159,43.21,410.98,689.16,730.106655841176,"storir"
"246",2161,8.73,6.81,7.23,46.9806352762388,"litlir"
"247",2162,8.61,6.87,5.68,40.6289246900917,"litlir"
"248",2163,9.1,8.18,5.16,38.3471198189951,"litlir"
"249",2166,8.93,7.72,7.58,48.3368663426906,"litlir"
"250",2170,65.47,940.17,1845,1320.83158338192,"storir"
"251",2171,8.86,6.11,5.98,41.9074989533446,"litlir"
"252",2174,8.88,5.81,5.59,40.2401451345751,"litlir"
"253",2177,9.19,8.37,7.6,48.4136038981224,"litlir"
"254",2178,11.13,8.2,11.2,61.143019149951,"litlir"
"255",2179,8.86,6.87,5.76,40.9724529411737,"litlir"
"256",2182,51.45,736.36,1199.76,1019.37140299364,"storir"
"257",2183,10.86,6.11,9.32,54.7401532994662,"litlir"
"258",2184,66.96,1217.44,2157,1451.0935691217,"storir"
"259",2185,9,7.26,7.03,46.1939112621363,"litlir"
"260",2189,9.13,7.05,5.7,40.7149863185149,"litlir"
"261",2192,8.99,4.75,5.4,39.4111106082409,"litlir"
"262",2195,8.42,6.87,5.63,40.4132412835137,"litlir"
"263",2207,10.71,0,11.17,61.0443734122147,"litlir"
"264",2209,9.97,5.41,7.14,46.6276957038899,"litlir"
"265",2238,9.13,5.62,5.89,41.5266633889673,"litlir"
"266",2243,11.98,11.97,14.94,72.7238210962463,"litlir"
"267",2256,10.58,9.98,10.73,59.5852358492509,"litlir"
"268",2257,9.42,5.07,5.67,40.585848653423,"litlir"
"269",2262,41.98,0,737.09,760.264973981008,"storir"
"270",2264,8.74,7.31,5.6,40.2834652611935,"litlir"
"271",2265,59.97,1062.97,1854.35,1324.85710357617,"storir"
"272",2274,17.14,36.49,43.59,138.557017126703,"midlungs"
"273",2282,8.98,6.11,5.96,41.8230670759452,"litlir"
"274",2298,10.54,11.08,11.83,63.1908862459185,"litlir"
"275",2304,9.16,7.39,5.87,41.4417195161582,"litlir"
"276",2306,10.75,0,8.34,51.1987776578115,"litlir"
"277",2307,10.71,0,8.28,50.9767205448337,"litlir"
"278",2313,21.95,135.02,159.28,302.28646422264,"midlungs"
"279",2314,11.92,9.86,10.99,60.4502694359116,"litlir"
"280",2316,10.15,0,9.74,56.212140374128,"litlir"
"281",2317,9.07,6.8,5.95,41.7808088552471,"litlir"
"282",2319,9.55,7.29,7.2,46.8631840680441,"litlir"
"283",2320,10,8.21,8.44,51.5674650540474,"litlir"
"284",2325,21.88,72.03,106.93,237.812987817944,"midlungs"
"285",2326,10.95,8.59,10.31,58.1700378759642,"litlir"
"286",2328,9.15,0,7.22,46.9415064630332,"litlir"
"287",2330,19.8,51.87,55.27,159.843981148179,"midlungs"
"288",2331,11.13,0,9.16,54.1724784172737,"litlir"
"289",2335,9.36,7,5.81,41.1861940899492,"litlir"
"290",2338,13.25,0,14.99,72.8702422090034,"litlir"
"291",2339,9.72,8.63,8.33,51.1618124029049,"litlir"
"292",2340,19.9,0,64.51,175.433734860418,"midlungs"
"293",2342,9.47,6.38,7.98,49.8566817897566,"litlir"
"294",2347,9.17,7.39,5.92,41.653864268704,"litlir"
"295",2350,69.9,980.42,2233,1481.66028953128,"storir"
"296",2352,9.89,0,8.31,51.0878288657143,"litlir"
"297",2354,41.36,344.33,569,650.571770388352,"storir"
"298",2356,8.88,5.06,4.84,36.8972957891102,"litlir"
"299",2357,11.31,9.22,9.7,56.0730544726438,"litlir"
"300",2358,9.13,8.16,7.17,46.7455379243302,"litlir"
"301",2359,9.2,7.39,5.91,41.6114925422353,"litlir"
"302",2365,9.6,7.72,8.24,50.8283265624535,"litlir"
"303",2367,9.42,7.54,8.02,50.0069767955684,"litlir"
"304",2368,9.24,8.21,7.7,48.796092581787,"litlir"
"305",2370,9.55,0,7.24,47.0197425555745,"litlir"
"306",2373,9.62,7.75,8.56,52.007602827072,"litlir"
"307",2374,9.82,8.06,8.99,53.5649821471654,"litlir"
"308",2379,9.89,10.96,10.36,58.3397015197515,"litlir"
"309",2381,9.72,7.72,8.43,51.5306748437016,"litlir"
"310",2383,9.5,7.72,8.34,51.1987776578115,"litlir"
"311",2384,9.72,8.3,8.41,51.4570422732856,"litlir"
"312",2385,9.39,0,8.2,50.6796455986447,"litlir"
"313",2387,9.52,0,9.06,53.8156766305411,"litlir"
"314",2388,72.9,1217.69,1999.79,1386.46922545474,"storir"
"315",2389,9.95,0,9.19,54.2792162220591,"litlir"
"316",2390,11.89,11.99,15.47,74.2661309333446,"litlir"
"317",2392,9.54,8.02,8.26,50.9025593047753,"litlir"
"318",2394,9.48,8.73,8.73,52.6269504387622,"litlir"
"319",2398,9.53,7.54,8.3,51.0508105239628,"litlir"
"320",2399,9.42,7,5.84,41.3140874104431,"litlir"
"321",2400,15.57,29.93,68.19,181.391731201169,"midlungs"
"322",2401,40.06,0,778.88,785.928255152117,"storir"
"323",2403,28.91,246.25,357.36,491.685505289525,"midlungs"
"324",2405,14.29,27.22,25.1,99.3850842950961,"litlir"
"325",2406,11.92,0,14.98,72.8409735556948,"litlir"
"326",2407,76.2,1553.57,3003,1770.94853332298,"storir"
"327",2408,22,115.73,196,342.496221831059,"midlungs"
"328",2410,78.96,1632.51,3239,1853.46769448981,"storir"
"329",2411,75.21,0,2724,1669.98398464295,"storir"
"330",2416,9.15,7.39,5.87,41.4417195161582,"litlir"
"331",2417,9.5,6.33,5.98,41.9074989533446,"litlir"
"332",2419,9.57,7.26,5.94,41.7385223582335,"litlir"
"333",2421,9.45,0,8.21,50.7168428508471,"litlir"
"334",2423,8.73,6.77,5.99,41.9496727418564,"litlir"
"335",2426,11.3,0,10.7,59.4848901949337,"litlir"
"336",2428,8.94,5.72,4.82,36.8054343316484,"litlir"
"337",2430,23.94,0,134.74,273.321974206364,"midlungs"
"338",2431,9.5,6.99,5.99,41.9496727418564,"litlir"
"339",2432,9.58,7.72,8.41,51.4570422732856,"litlir"
"340",2433,28.87,209.99,326.62,465.769858314173,"midlungs"
"341",2434,9.5,7.09,5.84,41.3140874104431,"litlir"
"342",2435,9.54,9,8.33,51.1618124029049,"litlir"
"343",2436,9.55,7.72,8.34,51.1987776578115,"litlir"
"344",2437,10.97,6.79,11.06,60.6817667119552,"litlir"
"345",2440,9.49,6.99,5.99,41.9496727418564,"litlir"
"346",2441,8.73,6.77,5.99,41.9496727418564,"litlir"
"347",2444,28.93,290.55,485.67,591.41873675415,"midlungs"
"348",2446,28.9,156.59,251,397.485426683878,"midlungs"
"349",2447,10.35,10.68,11.78,63.0299692035474,"litlir"
"350",2449,28.62,209.99,326.62,465.769858314173,"midlungs"
"351",2451,9.88,8.96,9.49,55.33907428432,"litlir"
"352",2452,9.97,8.93,8.42,51.4938672597319,"litlir"
"353",2453,9.49,8.93,8.44,51.5674650540474,"litlir"
"354",2454,23.98,0,134.74,273.321974206364,"midlungs"
"355",2458,11.1,11.29,12.08,63.9914460861715,"litlir"
"356",2461,10.12,7.61,6.83,45.3982271684263,"litlir"
"357",2462,23.99,100.16,122.44,258.01649379313,"midlungs"
"358",2463,23.99,100.16,122.44,258.01649379313,"midlungs"
"359",2465,9.54,7.72,8.38,51.3464626093218,"litlir"
"360",2468,25.43,0,193.75,340.123892149241,"midlungs"
"361",2471,9.69,8.56,8.26,50.9025593047753,"litlir"
"362",2477,9.9,0,7.7,48.796092581787,"litlir"
"363",2478,9.57,9,8.42,51.4938672597319,"litlir"
"364",2481,14.98,0,28.65,107.623386893003,"litlir"
"365",2482,11.14,12.08,14.02,69.9938583512968,"litlir"
"366",2486,8.24,0,4.83,36.8513839842351,"litlir"
"367",2488,9.55,0,8.7,52.5180049946596,"litlir"
"368",2491,9.5,6.4,5.94,41.7385223582335,"litlir"
"369",2494,9.2,8.04,5.81,41.1861940899492,"litlir"
"370",2495,9.53,7.72,8.33,51.1618124029049,"litlir"
"371",2497,11.08,11.29,11.7,62.7719353589237,"litlir"
"372",2499,9.5,6.79,5.99,41.9496727418564,"litlir"
"373",2500,13.84,18.84,24.76,98.5724419583415,"litlir"
"374",2501,9.5,6.79,5.99,41.9496727418564,"litlir"
"375",2502,9,7.25,5.88,41.4842058265762,"litlir"
"376",2504,7.71,5.43,4.63,35.9250504482364,"litlir"
"377",2507,10,7.57,9.25,54.4922766973633,"litlir"
"378",2512,8.62,5.44,4.55,35.5500725088801,"litlir"
"379",2515,11.27,11.57,13.84,69.4514882216735,"litlir"
"380",2517,8.34,5.3,3.68,31.2865745822948,"litlir"
"381",2519,8.73,6.33,5.92,41.653864268704,"litlir"
"382",2529,8.86,6.35,5.19,38.4811798740706,"litlir"
"383",2532,8.78,0,5.03,37.7625711958569,"litlir"
"384",2535,9.5,6.78,5.86,41.3992043892236,"litlir"
"385",2538,9.58,6.99,7.18,46.7847750352799,"litlir"
"386",2539,8.73,6.99,5.99,41.9496727418564,"litlir"
"387",2544,10,5.95,9.25,54.4922766973633,"litlir"
"388",2545,11.67,13.14,14.82,72.371612415551,"litlir"
"389",2555,7.87,5.47,4.09,33.3407266960535,"litlir"
"390",2557,9.56,7.76,8.47,51.6777317306424,"litlir"
"391",2558,10,6.25,9.26,54.5277332343974,"litlir"
"392",2560,11.35,11.22,14.62,71.7820650984318,"litlir"
"393",2564,8.71,5.84,4.73,36.3901660085644,"litlir"
"394",2567,8.74,7.18,5.98,41.9074989533446,"litlir"
"395",2568,8.11,5.61,3.68,31.2865745822948,"litlir"
"396",2570,13.16,10.88,14.5,71.4267956808137,"litlir"
"397",2571,11.51,11.2,14.9,72.6065437329233,"litlir"
"398",2572,7.95,5.4,4.08,33.2916291550567,"litlir"
"399",2574,11.65,11.29,14.71,72.0477560395803,"litlir"
"400",2575,12.01,10.88,14.54,71.5453483880245,"litlir"
"401",2576,9.28,0,7.25,47.0588283426094,"litlir"
"402",2577,9.45,9.83,8.28,50.9767205448337,"litlir"
"403",2578,9.21,0,5.82,41.2288543366808,"litlir"
"404",2579,11.34,11.76,13.9,69.6325885045287,"litlir"
"405",2580,11.55,11.41,14.87,72.5185034602331,"litlir"
"406",2581,11.8,11.41,14.87,72.5185034602331,"litlir"
"407",2584,7.29,4.33,4.15,33.634314773602,"litlir"
"408",2585,12.06,11.29,14.92,72.6651980568121,"litlir"
"409",2586,11.39,11.29,14.88,72.5478580658586,"litlir"
"410",2587,7.83,0,4.83,36.8513839842351,"litlir"
"411",2588,8.7,5.84,4.71,36.2974583991622,"litlir"
"412",2589,11.1,0,11.43,61.89583993882,"litlir"
"413",2590,8.73,7.18,5.99,41.9496727418564,"litlir"
"414",2595,10.25,10.4,10.66,59.350921633061,"litlir"
"415",2596,8.7,10,6.35,43.4497630804678,"litlir"
"416",2597,9.54,7.31,7.19,46.8239904024292,"litlir"
"417",2599,12.05,0,14.97,72.8116971250346,"litlir"
"418",2604,13.39,0,20.95,89.139545318494,"litlir"
"419",2606,12.3,11.55,14.98,72.8409735556948,"litlir"
"420",2612,8.7,6.12,4.93,37.3088167399589,"litlir"
"421",2614,11.78,11.33,14.78,72.2539575143497,"litlir"
"422",2615,11.78,11.13,14.82,72.371612415551,"litlir"
"423",2617,12.52,11.05,14.79,72.2833831082522,"litlir"
"424",2618,70.67,899.56,1741.53,1275.72794251744,"storir"
"425",2620,8.69,6.77,5.97,41.8652970866318,"litlir"
"426",2626,66,1315,2464.36,1572.25697101512,"storir"
"427",2630,11.1,11,12.47,65.2272749537156,"litlir"
"428",2631,10.98,11.4,14.56,71.6045760603058,"litlir"
"429",2635,7.29,4.09,3.32,29.4064606721792,"litlir"
"430",2640,12.07,11.29,14.9,72.6065437329233,"litlir"
"431",2641,11.73,11.43,14.9,72.6065437329233,"litlir"
"432",2650,12.43,11.29,14.84,72.4303924663688,"litlir"
"433",2651,12.43,11.34,14.79,72.2833831082522,"litlir"
"434",2652,12.74,11.34,14.67,71.9297512832103,"litlir"
"435",2655,11.62,11.49,14.47,71.3377957115979,"litlir"
"436",2656,10.01,9.15,9.37,54.9167545807784,"litlir"
"437",2657,13.04,0,14.98,72.8409735556948,"litlir"
"438",2660,14.91,29.9,31.55,114.055241114176,"litlir"
"439",2661,12.4,11.29,14.88,72.5478580658586,"litlir"
"440",2664,12.77,0,17.33,79.5196325969878,"litlir"
"441",2666,11.63,11.59,14.98,72.8409735556948,"litlir"
"442",2668,9.99,9.03,9.18,54.2436523837275,"litlir"
"443",2670,12.77,11.96,14.96,72.7824129097588,"litlir"
"444",2671,8.74,6.39,6.02,42.0760262919763,"litlir"
"445",2672,12.69,11.96,14.91,72.6358748090902,"litlir"
"446",2673,12.69,11.96,14.91,72.6358748090902,"litlir"
"447",2677,35.38,299.85,569.39,650.840171817926,"storir"
"448",2678,12.27,11.29,14.83,72.401006384733,"litlir"
"449",2680,12.2,11.88,14.93,72.6945134834233,"litlir"
"450",2682,12.06,11.78,14.47,71.3377957115979,"litlir"
"451",2685,28.99,271.61,481.27,588.187352841295,"midlungs"
"452",2689,11.94,13.03,14.89,72.5772048209654,"litlir"
"453",2694,12.35,0,14.97,72.8116971250346,"litlir"
"454",2696,12.33,11.56,14.9,72.6065437329233,"litlir"
"455",2701,11.23,11.3,12.83,66.3544535873407,"litlir"
"456",2704,14.98,0,29.83,110.270384421401,"litlir"
"457",2705,14.99,23.56,29.04,108.502961114755,"litlir"
"458",2706,13.17,10.55,14.82,72.371612415551,"litlir"
"459",2710,12.35,11.56,14.97,72.8116971250346,"litlir"
"460",2711,11.13,11.3,12.36,64.880285080044,"litlir"
"461",2712,13.03,0,14.92,72.6651980568121,"litlir"
"462",2714,13.02,0,14.97,72.8116971250346,"litlir"
"463",2716,8.73,7.18,5.94,41.7385223582335,"litlir"
"464",2718,12.95,11.56,14.92,72.6651980568121,"litlir"
"465",2726,12.36,11.56,14.93,72.6945134834233,"litlir"
"466",2728,11.13,11.3,12.36,64.880285080044,"litlir"
"467",2731,28.88,0,383.15,512.749996024477,"midlungs"
"468",2732,28.89,242.26,383.15,512.749996024477,"midlungs"
"469",2733,13.02,0,14.96,72.7824129097588,"litlir"
"470",2736,13.01,11.56,14.94,72.7238210962463,"litlir"
"471",2737,14.99,26.3,31.03,112.919841266467,"litlir"
"472",2739,12.35,11.56,14.97,72.8116971250346,"litlir"
"473",2740,28.94,284.58,485.67,591.41873675415,"midlungs"
"474",2744,28.93,290.55,485.67,591.41873675415,"midlungs"
"475",2746,12.4,11.29,14.83,72.401006384733,"litlir"
"476",2749,28.89,0,362.1,495.601260201381,"midlungs"
"477",2754,12.35,11.15,14.91,72.6358748090902,"litlir"
"478",2755,11.94,0,18.47,82.6286583505975,"litlir"
"479",2757,11.94,11.7,18.41,82.466964823928,"litlir"
"480",2758,28.98,290.55,485.67,591.41873675415,"midlungs"
"481",2760,11.94,11.7,14.92,72.6651980568121,"litlir"
"482",2763,12.45,0,14.96,72.7824129097588,"litlir"
"483",2764,12.45,0,14.98,72.8409735556948,"litlir"
"484",2766,13.04,11.15,14.98,72.8409735556948,"litlir"
"485",2770,70.1,1503.54,2848.25,1715.43256361732,"storir"
"486",2771,12.51,0,16.99,78.5767467599352,"litlir"
"487",2772,65.65,0,2155.71,1450.57107287908,"storir"
"488",2773,27.56,0,359.02,493.059184323323,"midlungs"
"489",2774,47.7,0,764.98,777.454494860689,"storir"
"490",2775,10.98,11.3,12.07,63.959551053838,"litlir"
"491",2778,11.94,0,14.86,72.4891409967074,"litlir"
"492",2780,61.2,1000,1528.26,1179.24589278131,"storir"
"493",2781,9.55,0,8.42,51.4938672597319,"litlir"
"494",2782,9.55,0,8.42,51.4938672597319,"litlir"
"495",2783,9.55,0,8.42,51.4938672597319,"litlir"
"496",2786,9.99,0,9.31,54.7047878359138,"litlir"
"497",2790,12.46,0,14.95,72.7531209025918,"litlir"
"498",2793,12.45,0,14.96,72.7824129097588,"litlir"
"499",2794,8.73,0,6.08,42.3279840428314,"litlir"
"500",2799,13.46,0,19.57,85.5569525634654,"litlir"
"501",2800,12.45,0,14.96,72.7824129097588,"litlir"
"502",2803,9.96,0,8.02,50.0069767955684,"litlir"
"503",2805,9.67,0,7.42,47.7200380245848,"litlir"
"504",2806,9.55,0,8.46,51.6409934688692,"litlir"
"505",2809,9.98,0,7.96,49.7814218669579,"litlir"
"506",2810,9.98,0,7.96,49.7814218669579,"litlir"
"507",2811,12.76,0,14.84,72.4303924663688,"litlir"
"508",2812,71.19,0,2185.97,1462.7948980796,"storir"
"509",2813,10.98,0,11.02,60.5495542009148,"litlir"
"510",2817,14.91,0,29.92,110.470547592339,"litlir"
"511",2818,8.75,0,6.07,42.2860600412906,"litlir"
"512",2819,8.75,0,6.02,42.0760262919763,"litlir"
"513",2820,12.48,0,14.85,72.4597706678877,"litlir"
"514",2822,14.98,0,29.77,110.136808758105,"litlir"
"515",2823,8.74,0,6.13,42.5371937853893,"litlir"
"516",2824,8.75,0,6.14,42.5789541181288,"litlir"
"517",2825,8.76,0,6.19,42.7873510984526,"litlir"
"518",2830,11.06,0,13.13,67.284184834138,"litlir"
"519",2833,9.98,0,9.1,53.9585844986018,"litlir"
"520",2834,9.96,0,7.92,49.630675863092,"litlir"
"521",2836,11.36,0,11.78,63.0299692035474,"litlir"
"522",2841,14.8,0,29.63,109.824714833946,"litlir"
"523",2842,14.8,0,29.95,110.537215379416,"litlir"
"524",2847,43.2,0,776.45,784.451239638022,"storir"
"525",2860,14.76,0,29.46,109.444953498155,"litlir"
"526",2861,51.29,0,1222,1030.70526865308,"storir"
"527",2865,80.3,0,3588.12,1971.27647633891,"storir"
"528",2866,11,0,11.21,61.1758776858776,"litlir"
"529",2867,9.57,0,8.44,51.5674650540474,"litlir"
"530",2868,14.91,0,29.88,110.381615809723,"litlir"
"531",2869,11.52,0,14.57,71.6341777533904,"litlir"
"532",2870,52,0,1456.83,1145.7497562498,"storir"
"533",2878,14.83,0,29.84,110.292636631802,"litlir"
"534",2880,14.82,0,29.89,110.403853195223,"litlir"
"535",2881,81.09,0,3670.96,1998.54982880577,"storir"
"536",2882,81.19,0,3670.96,1998.54982880577,"storir"
"537",2883,81.08,0,3707.31,2010.43987505519,"storir"
"538",2885,68.1,0,1775.71,1290.74246498114,"storir"
"539",2888,14.83,0,29.8,110.203609969734,"litlir"
"540",2889,55.15,0,1827.4,1313.23203890796,"storir"
"541",2890,54.75,0,1827.4,1313.23203890796,"storir"
"542",2891,62.52,0,2080.78,1420.00469833938,"storir"
"543",2892,62.49,0,2080.78,1420.00469833938,"storir"
"544",2893,62.55,0,2080.78,1420.00469833938,"storir"
"545",2894,62.52,0,2080.78,1420.00469833938,"storir"
"546",2895,55.14,0,1827.4,1313.23203890796,"storir"
"547",2900,86.3,0,4138.3,2148.05034841314,"storir"
"548",2902,14.96,0,29.69,109.958541080233,"litlir"
"549",2903,72.8,0,2060.14,1411.50839106195,"storir"
"550",2904,51.32,0,1222,1030.70526865308,"storir"
"551",2905,14.98,0,27.2,104.310519973541,"litlir"
"552",2906,27,0,363.08,496.408295950993,"midlungs"
"553",2907,13.52,0,21.2,89.7783911254668,"litlir"
"554",2908,14.81,0,29.66,109.891641425445,"litlir"
"555",2909,67.4,0,1969.21,1373.66690027411,"storir"
"556",2911,13.66,0,29.91,110.448319085147,"litlir"
"557",2912,13.56,0,29.37,109.243550318989,"litlir"
"558",2917,79.85,0,3719.51,2014.4200709318,"storir"
"559",2919,44.95,0,698,735.730219173821,"storir"
"560",2929,94,0,4419.01,2234.61788649726,"storir"
"561",2936,43.32,0,879.92,845.809248986822,"storir"
"562",2939,10.35,0,9.29,54.634011520444,"litlir"
"563",2940,25.98,0,283,427.260814697416,"midlungs"
"564",2944,68.1,0,1773.38,1289.72262172834,"storir"
"565",2947,13.77,0,29.63,109.824714833946,"litlir"
"566",2949,70.7,0,2424.3,1556.82077960616,"storir"
"567",2959,11.47,0,17.37,79.6300742691387,"litlir"
"568",2961,13.78,0,29.67,109.913944301462,"litlir"
"569",5155,7.98,0,5.23,38.6594478330811,"litlir"
"570",5183,8.6,5.75,5.76,40.9724529411737,"litlir"
"571",5443,7.06,4.1,3.4,29.8310086571821,"litlir"
"572",5600,7.8,2.9,4.07,33.2424836964646,"litlir"
"573",5668,9.73,5.38,7.72,48.8723525363691,"litlir"
"574",5713,9.67,8.59,7.9,49.5551892498426,"litlir"
"575",5714,9.3,6.17,6.6,44.4716332276223,"litlir"
"576",5823,9.67,7.54,7.54,48.183149052489,"litlir"
"577",5889,7.43,2.17,3.71,31.4398687004931,"litlir"
"578",5890,8.24,4.31,4.12,33.4877334457704,"litlir"
"579",5892,9.05,0,5.03,37.7625711958569,"litlir"
"580",5907,7.94,4.29,3.66,31.1841020844856,"litlir"
"581",5909,9.42,4.22,5.45,39.6303880134662,"litlir"
"582",5910,7.48,2.55,3.45,30.0943332142241,"litlir"
"583",5915,7.36,3.68,3.69,31.3377276958941,"litlir"
"584",5920,8.33,3.58,3.7,31.3888256658796,"litlir"
"585",5922,7.43,2.17,3.71,31.4398687004931,"litlir"
"586",5923,7.43,2.17,3.71,31.4398687004931,"litlir"
"587",5932,7.72,2.17,3.71,31.4398687004931,"litlir"
"588",5946,7.98,2.06,3.71,31.4398687004931,"litlir"
"589",5960,7.43,2.17,3.71,31.4398687004931,"litlir"
"590",5967,8.3,4.79,4.79,36.6673571866812,"litlir"
"591",5978,7.18,3.34,3.68,31.2865745822948,"litlir"
"592",5982,6.83,2.66,2.43,24.3698360129584,"litlir"
"593",5986,7.43,2.17,3.71,31.4398687004931,"litlir"
"594",6002,8.5,5.15,5.52,39.9360359736258,"litlir"
"595",6004,7.43,2.17,3.71,31.4398687004931,"litlir"
"596",6013,8.24,4.42,3.83,32.0481741567701,"litlir"
"597",6015,8.63,5,5.93,41.6962075183328,"litlir"
"598",6021,8.24,3.28,4.11,33.4387786791346,"litlir"
"599",6024,7.43,2.17,3.71,31.4398687004931,"litlir"
"600",6035,8.9,6.44,5.99,41.9496727418564,"litlir"
"601",6036,7.57,3.94,3.86,32.1990595656283,"litlir"
"602",6038,7.84,3.79,4.37,34.6966428043172,"litlir"
"603",6044,7.89,3.28,4.11,33.4387786791346,"litlir"
"604",6047,7.43,2.17,3.71,31.4398687004931,"litlir"
"605",6055,8.45,4.35,4.02,32.9960318418089,"litlir"
"606",6061,8.14,4.26,4.11,33.4387786791346,"litlir"
"607",6063,8.77,4.28,5.01,37.6721096099129,"litlir"
"608",6070,8.19,3.28,4.11,33.4387786791346,"litlir"
"609",6074,7.83,2.17,3.71,31.4398687004931,"litlir"
"610",6077,8.17,3.24,4.11,33.4387786791346,"litlir"
"611",6079,7.3,4.23,4.11,33.4387786791346,"litlir"
"612",6083,8.59,4.18,4.16,33.6830814221967,"litlir"
"613",6085,7.89,3.28,4.11,33.4387786791346,"litlir"
"614",6086,6.96,2.9,2.99,27.6103355990708,"litlir"
"615",6089,8.23,3.28,4.11,33.4387786791346,"litlir"
"616",6094,8.48,3.64,3.74,31.5926702544155,"litlir"
"617",6096,6.22,2.19,2.35,23.8836381720751,"litlir"
"618",6100,7.89,3.28,4.11,33.4387786791346,"litlir"
"619",6106,8.47,3.21,4.7,36.2510458486417,"litlir"
"620",6107,8.5,5.15,5.52,39.9360359736258,"litlir"
"621",6110,7.55,2.17,3.71,31.4398687004931,"litlir"
"622",6111,8.3,3.28,4.11,33.4387786791346,"litlir"
"623",6113,7.89,3.28,4.11,33.4387786791346,"litlir"
"624",6121,7.89,3.28,4.11,33.4387786791346,"litlir"
"625",6126,7.43,2.17,3.71,31.4398687004931,"litlir"
"626",6131,7.81,3.25,4.16,33.6830814221967,"litlir"
"627",6132,7.89,3.28,4.11,33.4387786791346,"litlir"
"628",6136,7.97,2.17,3.78,31.7956489652511,"litlir"
"629",6143,8.41,5.24,4.11,33.4387786791346,"litlir"
"630",6149,7.43,2.17,3.71,31.4398687004931,"litlir"
"631",6152,7.9,2.17,3.71,31.4398687004931,"litlir"
"632",6158,7.4,0,3.78,31.7956489652511,"litlir"
"633",6166,8.5,5.22,5.42,39.4989181346706,"litlir"
"634",6170,7.89,3.28,4.11,33.4387786791346,"litlir"
"635",6181,8.63,0,6.22,42.9120677323268,"litlir"
"636",6182,7.91,3.28,4.11,33.4387786791346,"litlir"
"637",6190,9.35,7.89,7.36,47.4873652606157,"litlir"
"638",6192,7.43,2.17,3.71,31.4398687004931,"litlir"
"639",6195,8.87,0,5.35,39.1910236204854,"litlir"
"640",6200,7.43,2.17,3.71,31.4398687004931,"litlir"
"641",6204,7.43,2.17,3.71,31.4398687004931,"litlir"
"642",6206,6.22,2.19,2.35,23.8836381720751,"litlir"
"643",6209,7.89,3.28,4.11,33.4387786791346,"litlir"
"644",6214,8.66,5.26,5.22,38.6149318659687,"litlir"
"645",6218,9.22,6.34,5.46,39.6741472607252,"litlir"
"646",6220,7.98,4.65,4.36,34.6488238094226,"litlir"
"647",6223,8.57,5.18,5.55,40.0665553100155,"litlir"
"648",6230,8.62,0,5.83,41.2714854202094,"litlir"
"649",6236,8.11,6.29,4.29,34.3128601319782,"litlir"
"650",6237,7.82,5.15,3.73,31.5417907898579,"litlir"
"651",6242,8.47,5.35,4.47,35.1724611821654,"litlir"
"652",6244,7.8,3.86,4.33,34.5051042347446,"litlir"
"653",6249,7.89,3.28,4.11,33.4387786791346,"litlir"
"654",6250,7.3,4.23,4.11,33.4387786791346,"litlir"
"655",6252,7.79,4.9,3.62,30.9784860505906,"litlir"
"656",6256,7.97,4.94,4.85,36.9431698555496,"litlir"
"657",6272,8.13,3.88,3.71,31.4398687004931,"litlir"
"658",6273,8.52,0,4.86,36.9890062922887,"litlir"
"659",6283,8.75,4.6,5.28,38.8815215157006,"litlir"
"660",6284,6.95,2.9,2.99,27.6103355990708,"litlir"
"661",6287,7.89,3.28,4.09,33.3407266960535,"litlir"
"662",6299,6.93,4.24,3.58,30.7719637471028,"litlir"
"663",6301,8.68,5.97,5.85,41.3566603770026,"litlir"
"664",6302,9.07,5.79,6.67,44.7549815156493,"litlir"
"665",6305,7.85,3.28,4.09,33.3407266960535,"litlir"
"666",6310,8.3,3.78,4.3,34.3609878017847,"litlir"
"667",6322,7.91,3.28,4.11,33.4387786791346,"litlir"
"668",6329,7.8,3.86,4.33,34.5051042347446,"litlir"
"669",6331,7.8,3.86,4.33,34.5051042347446,"litlir"
"670",6337,7.95,0,3.97,32.7483569266258,"litlir"
"671",6341,9.66,6.72,6.22,42.9120677323268,"litlir"
"672",6342,9.75,3.28,7.94,49.7060866464989,"litlir"
"673",6347,8.72,6.22,5.82,41.2288543366808,"litlir"
"674",6350,7.89,3.28,4.11,33.4387786791346,"litlir"
"675",6353,9.31,6.52,5.62,40.3700132591571,"litlir"
"676",6360,8.45,5.94,5.49,39.8052340110124,"litlir"
"677",6366,9.96,0,7.12,46.5490247233183,"litlir"
"678",6368,7.89,3.28,4.11,33.4387786791346,"litlir"
"679",6369,8.69,3.29,5.51,39.8924668284926,"litlir"
"680",6376,9.08,4.85,5.56,40.1099993191942,"litlir"
"681",6377,8.91,5.69,5.19,38.4811798740706,"litlir"
"682",6379,7.08,2.67,2.84,26.767959762325,"litlir"
"683",6381,9.7,0,7.96,49.7814218669579,"litlir"
"684",6382,8.41,4.95,4.35,34.6009611432682,"litlir"
"685",6386,8.08,5.94,5.21,38.5703819445958,"litlir"
"686",6388,8.12,0,4.27,34.2164706343485,"litlir"
"687",6390,6.15,3.2,2.7,25.9656151620279,"litlir"
"688",6391,8.2,4.6,5.28,38.8815215157006,"litlir"
"689",6395,9.39,0,6.91,45.7175990612951,"litlir"
"690",6399,8.99,8.11,6.7,44.8760539339255,"litlir"
"691",6401,6.15,3.2,2.63,25.558242747309,"litlir"
"692",6403,8.99,7.26,6.67,44.7549815156493,"litlir"
"693",6408,8.82,5.41,5.68,40.6289246900917,"litlir"
"694",6412,7.59,5.34,4.33,34.5051042347446,"litlir"
"695",6417,8.53,4.75,4.08,33.2916291550567,"litlir"
"696",6418,8.08,3.87,3.71,31.4398687004931,"litlir"
"697",6420,8.76,4.88,5.17,38.3918408872876,"litlir"
"698",6423,6.45,3.79,2.71,26.0234662706217,"litlir"
"699",6429,7.75,3.48,4.35,34.6009611432682,"litlir"
"700",6431,7.89,5.3,5.21,38.5703819445958,"litlir"
"701",6437,8.13,4.84,5.15,38.3023642432129,"litlir"
"702",6443,9.1,5.98,6.33,43.3673278811095,"litlir"
"703",6452,7.99,0,4.17,33.731801436496,"litlir"
"704",6458,9.96,6.25,5.34,39.1469081446263,"litlir"
"705",6462,7.5,2.82,3.28,29.1926609955974,"litlir"
"706",6470,6.35,3.54,2.53,24.9687145173606,"litlir"
"707",6474,9.7,8,7.01,46.1147519470115,"litlir"
"708",6476,7.09,2.67,2.83,26.7111794041917,"litlir"
"709",6484,7.56,4.82,3.93,32.549321904643,"litlir"
"710",6487,9.24,7.77,6.96,45.9164593913139,"litlir"
"711",6494,6.99,4.56,3.16,28.5449478435582,"litlir"
"712",6503,6.99,2.67,2.83,26.7111794041917,"litlir"
"713",6504,7.42,4.45,3.9,32.3995160715058,"litlir"
"714",6513,8.68,5.89,5.75,40.9296162308772,"litlir"
"715",6517,9.22,7.13,7.48,47.9519631650126,"litlir"
"716",6518,9.6,7.37,6.97,45.956163142084,"litlir"
"717",6523,7.96,5.27,4.95,37.3998585652674,"litlir"
"718",6526,7.99,3.21,4.1,33.3897764831627,"litlir"
"719",6529,8.36,6.83,4.95,37.3998585652674,"litlir"
"720",6533,7.73,6.18,4.86,36.9890062922887,"litlir"
"721",6534,7.45,2.98,3.61,30.9269409852687,"litlir"
"722",6539,7.73,5.68,4.86,36.9890062922887,"litlir"
"723",6540,7.73,6.35,4.86,36.9890062922887,"litlir"
"724",6548,8.38,6.9,5.62,40.3700132591571,"litlir"
"725",6549,8.68,6.08,6.15,42.620687390224,"litlir"
"726",6552,7.59,5.34,4.33,34.5051042347446,"litlir"
"727",6555,8.7,5.88,5.75,40.9296162308772,"litlir"
"728",6562,8.49,5.14,4.28,34.2646877914923,"litlir"
"729",6563,8.09,5.12,5.62,40.3700132591571,"litlir"
"730",6565,8.8,6.94,5.99,41.9496727418564,"litlir"
"731",6567,6.22,2.19,2.35,23.8836381720751,"litlir"
"732",6569,7.89,4.59,4.16,33.6830814221967,"litlir"
"733",6575,10.02,0,7.89,49.5174174231794,"litlir"
"734",6583,9.99,0,7.15,46.6669983012563,"litlir"
"735",6584,9.88,9.19,9.94,56.904188389294,"litlir"
"736",6586,8.5,5.15,5.52,39.9360359736258,"litlir"
"737",6588,8.53,6.49,5.57,40.1534122410712,"litlir"
"738",6589,8.16,5.34,4.33,34.5051042347446,"litlir"
"739",6591,7.8,3.86,4.33,34.5051042347446,"litlir"
"740",6595,9.52,7.65,7.16,46.7062790271722,"litlir"
"741",6598,7.73,5.68,4.8,36.7134210435146,"litlir"
"742",6599,7.05,2.96,3.07,28.052717103633,"litlir"
"743",6600,7.19,4.9,3.98,32.797990781455,"litlir"
"744",6603,7.73,5.68,4.86,36.9890062922887,"litlir"
"745",6607,8.45,5.9,5.68,40.6289246900917,"litlir"
"746",6609,7.98,5.3,5.37,39.279156238435,"litlir"
"747",6610,9.88,6.91,6.73,44.9969107815864,"litlir"
"748",6616,9.24,6.32,6.97,45.956163142084,"litlir"
"749",6619,8.57,6.78,6.41,43.6964508578522,"litlir"
"750",6620,6.63,3.39,2.83,26.7111794041917,"litlir"
"751",6625,8.42,0,5.1,38.078065456771,"litlir"
"752",6626,8.45,3.88,4.82,36.8054343316484,"litlir"
"753",6629,8.38,5.3,4.95,37.3998585652674,"litlir"
"754",6633,8.5,4.58,4.57,35.6440613518416,"litlir"
"755",6634,7.02,2.63,2.84,26.767959762325,"litlir"
"756",6641,8.56,6.07,4.95,37.3998585652674,"litlir"
"757",6643,9.7,0,6.89,45.6378946674182,"litlir"
"758",6649,9.21,6.91,6.11,42.4535916907985,"litlir"
"759",6652,7.91,3.25,4.11,33.4387786791346,"litlir"
"760",6662,9.28,0,7.09,46.4308531409874,"litlir"
"761",6666,7.64,2.59,3.3,29.2996897624559,"litlir"
"762",6669,8.4,4.5,3.73,31.5417907898579,"litlir"
"763",6675,7.98,5.3,4.95,37.3998585652674,"litlir"
"764",6677,8.63,4.66,5.54,40.0230801352006,"litlir"
"765",6678,8.33,6.29,4.97,37.4907541051376,"litlir"
"766",6684,9.06,0,6.4,43.6554002558372,"litlir"
"767",6688,9.04,5.93,5.89,41.5266633889673,"litlir"
"768",6689,7.88,5.2,3.89,32.3494789615426,"litlir"
"769",6697,6.82,3.81,2.63,25.558242747309,"litlir"
"770",6700,8.5,5.15,5.52,39.9360359736258,"litlir"
"771",6702,8.4,5.87,5.28,38.8815215157006,"litlir"
"772",6703,7.99,5.3,4.88,37.0805667089308,"litlir"
"773",6710,9.91,5.7,7.5,48.0291068579949,"litlir"
"774",6711,9.7,6.29,6.76,45.1175534008425,"litlir"
"775",6717,8.11,5.77,5.17,38.3918408872876,"litlir"
"776",6719,7.74,3.78,3.57,30.7201899122879,"litlir"
"777",6725,7.65,5.83,4.72,36.3438317471151,"litlir"
"778",6728,9.33,6.86,5.61,40.3267546104978,"litlir"
"779",6737,7.98,5.9,4.96,37.4453245693015,"litlir"
"780",6738,9.28,8.73,5.85,41.3566603770026,"litlir"
"781",6743,8.97,5.33,5.36,39.2351062899102,"litlir"
"782",6752,7.98,5.3,4.95,37.3998585652674,"litlir"
"783",6753,9.85,7.89,8.54,51.9344178976354,"litlir"
"784",6754,8.5,6.3,5.75,40.9296162308772,"litlir"
"785",6757,7.98,5.9,4.96,37.4453245693015,"litlir"
"786",6762,8.57,0,5.94,41.7385223582335,"litlir"
"787",6765,8.35,5.52,4.78,36.6212550395562,"litlir"
"788",6770,9.09,0,6.57,44.3498323591702,"litlir"
"789",6771,8.36,5.3,5.11,38.1229949844284,"litlir"
"790",6776,7.98,5.9,4.96,37.4453245693015,"litlir"
"791",6777,8.14,3.77,4.11,33.4387786791346,"litlir"
"792",6780,9.14,7.49,6.52,44.1463378608051,"litlir"
"793",6783,8.43,4.84,4.66,36.06500127878,"litlir"
"794",6784,7.91,3.77,4.11,33.4387786791346,"litlir"
"795",6790,9.27,6.63,6.76,45.1175534008425,"litlir"
"796",6792,8.3,5.9,4.96,37.4453245693015,"litlir"
"797",6794,8.81,5.97,5.94,41.7385223582335,"litlir"
"798",6795,9.01,6.6,4.96,37.4453245693015,"litlir"
"799",6798,7.91,3.77,4.11,33.4387786791346,"litlir"
"800",6806,8.15,4.5,4.45,35.0776391964851,"litlir"
"801",6807,7.09,2.67,2.84,26.767959762325,"litlir"
"802",6814,6.85,3.03,2.46,24.5505126108344,"litlir"
"803",6816,9.26,0,6.04,42.1601227951121,"litlir"
"804",6821,9.24,0,7.03,46.1939112621363,"litlir"
"805",6822,8.41,5.9,4.96,37.4453245693015,"litlir"
"806",6823,7.99,5.77,5.06,37.8979956164627,"litlir"
"807",6824,9.68,7.39,6.95,45.8767329298853,"litlir"
"808",6825,8.38,5.9,4.96,37.4453245693015,"litlir"
"809",6827,8.39,6.08,5.01,37.6721096099129,"litlir"
"810",6830,9.48,0,7.27,47.1369356053672,"litlir"
"811",6836,9.02,0,6.29,43.2021458384726,"litlir"
"812",6837,8.96,6.64,6.34,43.40855841818,"litlir"
"813",6838,7.98,5.9,4.96,37.4453245693015,"litlir"
"814",6847,7.98,5.9,4.97,37.4907541051376,"litlir"
"815",6848,7.99,5.77,5.06,37.8979956164627,"litlir"
"816",6852,7.99,5.77,5.06,37.8979956164627,"litlir"
"817",6856,8.82,7.56,5.96,41.8230670759452,"litlir"
"818",6857,10.05,0,7.36,47.4873652606157,"litlir"
"819",6859,8.62,6.52,5.92,41.653864268704,"litlir"
"820",6865,8.55,0,6.42,43.7374759792488,"litlir"
"821",6867,7.99,0,5.28,38.8815215157006,"litlir"
"822",6868,7.98,5.9,4.96,37.4453245693015,"litlir"
"823",6875,7.92,4.28,4.2,33.8776832318297,"litlir"
"824",6877,8.19,4.09,4.15,33.634314773602,"litlir"
"825",6878,8.41,5.9,4.97,37.4907541051376,"litlir"
"826",6882,8.98,5.11,5.14,38.257574066232,"litlir"
"827",6893,9.64,6.48,5.92,41.653864268704,"litlir"
"828",6894,8.33,5.83,5.31,39.014364017321,"litlir"
"829",6899,7.73,5.68,4.86,36.9890062922887,"litlir"
"830",6905,7.99,5.77,5.07,37.9430660296581,"litlir"
"831",6909,9.93,9.29,9.57,55.6194406056922,"litlir"
"832",6911,9.36,5.05,5.78,41.0580376671191,"litlir"
"833",6915,8.23,4.75,3.9,32.3995160715058,"litlir"
"834",6917,9.09,6.22,5.92,41.653864268704,"litlir"
"835",6918,7.98,6.86,4.97,37.4907541051376,"litlir"
"836",6919,8.44,6.33,4.97,37.4907541051376,"litlir"
"837",6921,7.98,4.83,4.81,36.7594467215307,"litlir"
"838",6931,7.73,6.03,4.86,36.9890062922887,"litlir"
"839",6933,10.46,0,8.62,52.226750358905,"litlir"
"840",6934,7.98,5.9,4.96,37.4453245693015,"litlir"
"841",6935,8.96,6.64,6.34,43.40855841818,"litlir"
"842",6936,8.96,5.9,6.36,43.4909419249202,"litlir"
"843",6941,7.66,4.99,3.73,31.5417907898579,"litlir"
"844",6943,8.52,6.31,5.77,41.0152600626993,"litlir"
"845",6945,10.67,0,11.25,61.3071953344314,"litlir"
"846",6946,8.45,4.44,4.58,35.690994373096,"litlir"
"847",6947,8.78,5.27,4.76,36.5289354257322,"litlir"
"848",6952,11.14,9.13,11.44,61.928433824187,"litlir"
"849",6961,9.93,9.29,9.57,55.6194406056922,"litlir"
"850",6969,8.96,6.66,6.36,43.4909419249202,"litlir"
"851",6975,7.99,5.77,5.07,37.9430660296581,"litlir"
"852",6976,9.7,7.29,7.23,46.9806352762388,"litlir"
"853",6978,8.55,4.98,3.97,32.7483569266258,"litlir"
"854",6979,7.98,5.9,4.97,37.4907541051376,"litlir"
"855",6982,10.48,8.43,9.16,54.1724784172737,"litlir"
"856",6986,8.53,4.74,4.09,33.3407266960535,"litlir"
"857",6987,7.99,5.77,5.06,37.8979956164627,"litlir"
"858",6988,9.93,9.29,9.58,55.6544206936213,"litlir"
"859",6990,8.41,4.95,4.71,36.2974583991622,"litlir"
"860",6991,10.65,9.88,10.83,59.9189178039568,"litlir"
"861",6992,7.98,5.9,4.97,37.4907541051376,"litlir"
"862",6996,10.96,0,12.01,63.7679595351466,"litlir"
"863",6998,10.91,7.85,10.67,59.3844325034451,"litlir"
"864",6999,8.29,5.9,4.97,37.4907541051376,"litlir"
"865",7000,9.96,8.54,9.29,54.634011520444,"litlir"
"866",7001,7.73,6.03,4.86,36.9890062922887,"litlir"
"867",7007,11.82,0,14.68,71.9592644653629,"litlir"
"868",7011,8.32,5.77,5.07,37.9430660296581,"litlir"
"869",7019,8.19,6.04,5.33,39.1027597764143,"litlir"
"870",7020,8.24,3.77,4.11,33.4387786791346,"litlir"
"871",7022,10.6,9.49,11.13,60.9126815784776,"litlir"
"872",7025,8.42,0,4.43,34.9826474441698,"litlir"
"873",7028,8.5,6.99,5.99,41.9496727418564,"litlir"
"874",7031,7.99,5.77,5.06,37.8979956164627,"litlir"
"875",7037,9.97,0,7.61,48.4519425334339,"litlir"
"876",7038,11.05,9.57,11.34,61.6019824844566,"litlir"
"877",7040,11.3,0,12.79,66.229838778045,"litlir"
"878",7041,7.98,5.9,4.96,37.4453245693015,"litlir"
"879",7049,9.93,9.29,9.57,55.6194406056922,"litlir"
"880",7051,7.98,5.9,4.97,37.4907541051376,"litlir"
"881",7053,8.36,5.77,5.17,38.3918408872876,"litlir"
"882",7056,7.73,6.03,4.86,36.9890062922887,"litlir"
"883",7057,7.98,5.9,4.96,37.4453245693015,"litlir"
"884",7060,10.23,0,6.81,45.3181519701927,"litlir"
"885",7062,8.43,0,5.06,37.8979956164627,"litlir"
"886",7064,8.62,5.89,5.04,37.8077482980119,"litlir"
"887",7065,7.99,5.77,5.06,37.8979956164627,"litlir"
"888",7067,9.93,9.29,9.57,55.6194406056922,"litlir"
"889",7074,7.98,5.9,4.96,37.4453245693015,"litlir"
"890",7075,7.73,5.68,4.86,36.9890062922887,"litlir"
"891",7076,8.21,5.68,4.86,36.9890062922887,"litlir"
"892",7077,9.93,9.86,9.54,55.5144129528127,"litlir"
"893",7078,8.09,4.39,3.9,32.3995160715058,"litlir"
"894",7081,7.48,3.87,3.93,32.549321904643,"litlir"
"895",7084,7.99,5.77,5.07,37.9430660296581,"litlir"
"896",7088,6.99,2.63,3.2,28.7619228510231,"litlir"
"897",7095,8.46,5.9,4.97,37.4907541051376,"litlir"
"898",7096,11.01,10.34,12.07,63.959551053838,"litlir"
"899",7097,7.98,5.9,4.96,37.4453245693015,"litlir"
"900",7098,8.54,7.07,5.66,40.5427423693262,"litlir"
"901",7103,8.83,5.95,5.91,41.6114925422353,"litlir"
"902",7104,7.99,6.12,5.22,38.6149318659687,"litlir"
"903",7105,7.91,3.77,4.11,33.4387786791346,"litlir"
"904",7111,10.89,7.51,10.87,60.0520469706842,"litlir"
"905",7112,7.73,5.95,4.78,36.6212550395562,"litlir"
"906",7113,8.28,6.23,5.29,38.925835648078,"litlir"
"907",7116,8.2,3.77,4.11,33.4387786791346,"litlir"
"908",7121,9.2,8.6,6.95,45.8767329298853,"litlir"
"909",7124,7.99,5.77,5.06,37.8979956164627,"litlir"
"910",7126,10.91,0,11.35,61.6346790350504,"litlir"
"911",7133,7.98,5.9,4.96,37.4453245693015,"litlir"
"912",7136,7.98,5.9,4.96,37.4453245693015,"litlir"
"913",7143,9.93,7.18,9.01,53.6366881721269,"litlir"
"914",7144,8.27,5.92,5.29,38.925835648078,"litlir"
"915",7147,8.68,0,5.37,39.279156238435,"litlir"
"916",7150,9.38,0,6.75,45.0773629153171,"litlir"
"917",7152,8.48,5.92,5.03,37.7625711958569,"litlir"
"918",7154,7.73,6.03,4.86,36.9890062922887,"litlir"
"919",7156,7.98,5.9,5.15,38.3023642432129,"litlir"
"920",7157,7.91,3.77,4.11,33.4387786791346,"litlir"
"921",7159,8.42,5.77,5.11,38.1229949844284,"litlir"
"922",7160,9.18,6.08,4.98,37.5361472753156,"litlir"
"923",7161,9.42,0,8.96,53.4573039502651,"litlir"
"924",7162,7.98,5.9,5.16,38.3471198189951,"litlir"
"925",7164,8.38,5.9,5.15,38.3023642432129,"litlir"
"926",7168,8.85,5.2,5.4,39.4111106082409,"litlir"
"927",7170,8,5.87,4.26,34.1682085137481,"litlir"
"928",7172,7.98,5.9,5.15,38.3023642432129,"litlir"
"929",7173,9.93,6.36,6.87,45.5580981378849,"litlir"
"930",7175,7.98,5.9,5.15,38.3023642432129,"litlir"
"931",7180,8.58,5.45,4.45,35.0776391964851,"litlir"
"932",7183,7.99,5.58,4.89,37.1262909036385,"litlir"
"933",7185,8.25,5.9,5.22,38.6149318659687,"litlir"
"934",7189,7.36,3.43,2.96,27.4432309295631,"litlir"
"935",7190,8.53,6.54,5.98,41.9074989533446,"litlir"
"936",7191,7.99,6.23,5.29,38.925835648078,"litlir"
"937",7194,9.27,7.23,7.14,46.6276957038899,"litlir"
"938",7196,7.92,5.68,4.86,36.9890062922887,"litlir"
"939",7201,7.95,4.64,4.83,36.8513839842351,"litlir"
"940",7202,8.46,6.86,4.97,37.4907541051376,"litlir"
"941",7206,7.36,2.18,2.64,25.6167006970791,"litlir"
"942",7207,7.27,0,3.98,32.797990781455,"litlir"
"943",7211,7.99,5.82,5.2,38.5257979778181,"litlir"
"944",7213,7.98,5.26,5.1,38.078065456771,"litlir"
"945",7214,8.04,5.9,5.09,38.0331008527508,"litlir"
"946",7219,7.99,5.77,5.06,37.8979956164627,"litlir"
"947",7220,9,6.08,7.06,46.3124823819998,"litlir"
"948",7221,7.92,3.77,4.11,33.4387786791346,"litlir"
"949",7223,8.45,6.32,5.11,38.1229949844284,"litlir"
"950",7226,7.99,5.77,5.06,37.8979956164627,"litlir"
"951",7228,7.99,5.77,5.07,37.9430660296581,"litlir"
"952",7230,8.44,5.97,5.93,41.6962075183328,"litlir"
"953",7233,7.83,4.92,3.57,30.7201899122879,"litlir"
"954",7234,9.09,7.17,5.86,41.3992043892236,"litlir"
"955",7242,8.09,5.69,4.86,36.9890062922887,"litlir"
"956",7243,11.95,11.03,14.3,70.8320685001542,"litlir"
"957",7246,9.08,5.96,6.87,45.5580981378849,"litlir"
"958",7250,8.45,5.12,4.16,33.6830814221967,"litlir"
"959",7253,8.43,5.83,4.97,37.4907541051376,"litlir"
"960",7255,9.37,6.71,6.51,44.1055645285803,"litlir"
"961",7259,8.74,7.87,5.98,41.9074989533446,"litlir"
"962",7261,8.49,5.57,4.89,37.1262909036385,"litlir"
"963",7262,8.52,0,4.58,35.690994373096,"litlir"
"964",7263,8.51,4.18,4.77,36.5751144901057,"litlir"
"965",7269,7.73,5.68,4.86,36.9890062922887,"litlir"
"966",7272,7.98,5.9,5.16,38.3471198189951,"litlir"
"967",7278,8.58,6.6,5.97,41.8652970866318,"litlir"
"968",7281,9.1,6.77,5.99,41.9496727418564,"litlir"
"969",7284,8.57,7.86,6.41,43.6964508578522,"litlir"
"970",7287,7.6,3.78,3.94,32.5991559543621,"litlir"
"971",7296,6.15,5.54,2.53,24.9687145173606,"litlir"
"972",7298,8.4,3.82,4.15,33.634314773602,"litlir"
"973",7305,9.09,6.65,5.71,40.7579720581728,"litlir"
"974",7309,6.34,2.81,2.85,26.8246606035184,"litlir"
"975",7311,9.05,6.3,5.75,40.9296162308772,"litlir"
"976",7313,8.21,4.53,4.29,34.3128601319782,"litlir"
"977",7316,7.8,3.68,3.91,32.4495021439365,"litlir"
"978",7317,8.94,4.82,5.29,38.925835648078,"litlir"
"979",7320,9.38,6.58,7.7,48.796092581787,"litlir"
"980",7321,7.8,3.68,3.91,32.4495021439365,"litlir"
"981",7323,8.6,6.31,5.84,41.3140874104431,"litlir"
"982",7325,8.59,6.44,5.85,41.3566603770026,"litlir"
"983",7328,10.46,0,8.34,51.1987776578115,"litlir"
"984",7329,8.59,6.36,5.85,41.3566603770026,"litlir"
"985",7331,8.99,5.02,5.42,39.4989181346706,"litlir"
"986",7332,8.59,6.44,5.85,41.3566603770026,"litlir"
"987",7334,7.95,5.99,5.22,38.6149318659687,"litlir"
"988",7335,10.61,0,8.92,53.3135095473689,"litlir"
"989",7336,9.09,6.44,5.85,41.3566603770026,"litlir"
"990",7337,8.73,7,5.85,41.3566603770026,"litlir"
"991",7338,8.33,0,5.6,40.2834652611935,"litlir"
"992",7344,8.98,8.18,6,41.991818517677,"litlir"
"993",7346,8.97,0,6.44,43.8194500018548,"litlir"
"994",7347,8.77,6.23,5.86,41.3992043892236,"litlir"
"995",7352,8.44,5.06,5.78,41.0580376671191,"litlir"
"996",7355,7.95,5.57,5.22,38.6149318659687,"litlir"
"997",7357,9.1,6.23,6.08,42.3279840428314,"litlir"
"998",7359,8.97,7.17,5.88,41.4842058265762,"litlir"
"999",7361,11.17,9.42,10.07,57.3510497159532,"litlir"
"1000",7362,8.99,0,6.6,44.4716332276223,"litlir"
"1001",7363,9.2,4.99,5.76,40.9724529411737,"litlir"
"1002",7364,7.95,0,5.22,38.6149318659687,"litlir"
"1003",7366,8.34,5.83,4.97,37.4907541051376,"litlir"
"1004",7367,7.86,4.37,4.21,33.9262182627039,"litlir"
"1005",7369,7.99,5.9,5.93,41.6962075183328,"litlir"
"1006",7377,8.78,6.23,5.93,41.6962075183328,"litlir"
"1007",7382,8.59,6.23,5.88,41.4842058265762,"litlir"
"1008",7386,9.13,7.77,5.99,41.9496727418564,"litlir"
"1009",7388,8.29,5.8,4.97,37.4907541051376,"litlir"
"1010",7389,8.44,6.32,5.91,41.6114925422353,"litlir"
"1011",7392,8.59,6.68,5.71,40.7579720581728,"litlir"
"1012",7393,8.39,6.19,4.95,37.3998585652674,"litlir"
"1013",7396,9.03,6.85,5.88,41.4842058265762,"litlir"
"1014",7400,8.61,6.21,4.91,37.2176277988942,"litlir"
"1015",7401,8.58,6.8,5.83,41.2714854202094,"litlir"
"1016",7402,8.37,5.97,5.82,41.2288543366808,"litlir"
"1017",7410,8.57,6.8,5.87,41.4417195161582,"litlir"
"1018",7411,9.29,7.48,5.98,41.9074989533446,"litlir"
"1019",7412,9.12,5.69,5.33,39.1027597764143,"litlir"
"1020",7413,8.9,7.49,5.97,41.8652970866318,"litlir"
"1021",7414,8.98,8.41,7.03,46.1939112621363,"litlir"
"1022",7415,8.9,7.48,5.94,41.7385223582335,"litlir"
"1023",7416,7.84,6.23,4.88,37.0805667089308,"litlir"
"1024",7417,8.57,6.8,5.86,41.3992043892236,"litlir"
"1025",7418,8.93,7.47,5.94,41.7385223582335,"litlir"
"1026",7419,9.36,6.8,5.87,41.4417195161582,"litlir"
"1027",7420,8.58,6.8,5.82,41.2288543366808,"litlir"
"1028",7421,7.93,4.32,5.22,38.6149318659687,"litlir"
"1029",7423,8.57,5.91,5.26,38.7927929140501,"litlir"
"1030",7426,8.9,7.44,5.99,41.9496727418564,"litlir"
"1031",7427,8.92,7.49,5.97,41.8652970866318,"litlir"
"1032",7428,8.59,6.16,4.88,37.0805667089308,"litlir"
"1033",7429,8.57,6.78,5.8,41.1435046098184,"litlir"
"1034",7430,8.88,7.44,5.99,41.9496727418564,"litlir"
"1035",7431,8.02,5.81,5,37.6268249263907,"litlir"
"1036",7433,8.9,7.51,5.97,41.8652970866318,"litlir"
"1037",7435,8.9,5.98,5.97,41.8652970866318,"litlir"
"1038",7437,8.25,7.77,5.9,41.5690922715424,"litlir"
"1039",7439,8.79,6.37,5.36,39.2351062899102,"litlir"
"1040",7443,8.57,6.77,5.84,41.3140874104431,"litlir"
"1041",7445,9.1,6.93,5.84,41.3140874104431,"litlir"
"1042",7449,9.4,6.83,5.86,41.3992043892236,"litlir"
"1043",7455,8.59,6.78,5.86,41.3992043892236,"litlir"
"1044",7456,9.21,8.06,6.95,45.8767329298853,"litlir"
"1045",7458,8.57,6.65,5.75,40.9296162308772,"litlir"
"1046",7459,9.4,6.83,5.87,41.4417195161582,"litlir"
"1047",7461,10.67,8.45,8.97,53.4932126034841,"litlir"
"1048",7463,9.84,0,7.86,49.4039874581172,"litlir"
"1049",7465,9.17,7.75,7.14,46.6276957038899,"litlir"
"1050",7467,8.9,7.49,5.97,41.8652970866318,"litlir"
"1051",7472,8.72,6.37,5.91,41.6114925422353,"litlir"
"1052",7478,9.49,4.89,5.68,40.6289246900917,"litlir"
"1053",7479,7.88,6.14,4.92,37.2632407111067,"litlir"
"1054",7485,8.82,6.5,6.08,42.3279840428314,"litlir"
"1055",7486,8.73,6.77,5.98,41.9074989533446,"litlir"
"1056",7490,7.79,6.07,4.76,36.5289354257322,"litlir"
"1057",7495,8.08,4.79,3.94,32.5991559543621,"litlir"
"1058",7498,7.92,6.17,4.93,37.3088167399589,"litlir"
"1059",7501,9.5,0,6.63,44.5932139455179,"litlir"
"1060",7514,7.92,6.09,4.88,37.0805667089308,"litlir"
"1061",7515,9.5,6.77,5.99,41.9496727418564,"litlir"
"1062",7518,7.92,6.01,4.88,37.0805667089308,"litlir"
"1063",7526,7.97,5.78,3.71,31.4398687004931,"litlir"
"1064",7527,7.92,5.56,4.09,33.3407266960535,"litlir"
"1065",7528,7.92,5.56,4.09,33.3407266960535,"litlir"
"1066",7531,10.07,8.83,8.28,50.9767205448337,"litlir"
"1067",7532,8.74,7.34,6.38,43.5732223870368,"litlir"
"1068",7533,8.53,6.12,4.11,33.4387786791346,"litlir"
"1069",7537,7.1,3.39,2.26,23.3287199926298,"litlir"
"1070",7539,7.21,3.89,2.61,25.4410607786834,"litlir"
"1071",7545,8.97,7.62,6.56,44.3091829046625,"litlir"
"1072",7547,7.58,4.45,3.24,28.9778210549721,"litlir"
"1073",7554,6.98,4.58,3.47,30.1992372427008,"litlir"
"1074",7555,6.99,4.57,3.47,30.1992372427008,"litlir"
"1075",7557,6.97,4.59,3.48,30.2515989972746,"litlir"
"1076",7558,6.99,4.66,3.51,30.4083261126228,"litlir"
"1077",7559,6.99,4.61,3.5,30.3561431934455,"litlir"
"1078",7560,6.98,4.61,3.47,30.1992372427008,"litlir"
"1079",7561,6.96,4.64,3.48,30.2515989972746,"litlir"
"1080",7562,6.98,4.63,3.49,30.303900900986,"litlir"
"1081",7568,6.98,4.65,3.5,30.3561431934455,"litlir"
"1082",7579,6.97,4.54,3.46,30.1468153959974,"litlir"
"1083",7580,6.97,4.54,3.46,30.1468153959974,"litlir"
"1084",7582,6.97,4.54,3.46,30.1468153959974,"litlir"
"1085",7583,6.97,4.54,3.46,30.1468153959974,"litlir"
"1086",7584,6.97,4.54,3.46,30.1468153959974,"litlir"
"1087",7585,6.97,4.54,3.46,30.1468153959974,"litlir"
"1088",7586,6.97,4.54,3.46,30.1468153959974,"litlir"
"1089",7587,6.97,4.54,3.46,30.1468153959974,"litlir"
"1090",7588,6.97,4.54,3.46,30.1468153959974,"litlir"
"1091",7589,6.97,4.54,3.46,30.1468153959974,"litlir"
"1092",7594,7.64,4.9,4.68,36.1581026726758,"litlir"
"1093",7595,7.64,4.9,4.68,36.1581026726758,"litlir"
"1094",7596,7.64,4.9,4.68,36.1581026726758,"litlir"
"1095",7597,7.64,4.9,4.68,36.1581026726758,"litlir"
"1096",7598,7.64,4.9,4.68,36.1581026726758,"litlir"
"1097",7599,7.64,4.9,4.68,36.1581026726758,"litlir"
"1098",7600,7.64,4.9,4.68,36.1581026726758,"litlir"
"1099",7601,7.64,4.9,4.68,36.1581026726758,"litlir"
"1100",7602,7.64,4.9,4.68,36.1581026726758,"litlir"
"1101",7603,7.64,4.9,4.68,36.1581026726758,"litlir"
"1102",7604,7.64,4.9,4.68,36.1581026726758,"litlir"
"1103",7606,7.64,4.9,4.68,36.1581026726758,"litlir"
"1104",7607,7.64,4.9,4.68,36.1581026726758,"litlir"
"1105",7608,7.64,4.9,4.68,36.1581026726758,"litlir"
"1106",7610,7.64,4.9,4.68,36.1581026726758,"litlir"
"1107",7613,7.64,4.9,4.68,36.1581026726758,"litlir"
"1108",7614,7.64,4.9,4.68,36.1581026726758,"litlir"
"1109",7615,7.64,4.9,4.68,36.1581026726758,"litlir"
"1110",7641,8.77,0,6.06,42.2441085418368,"litlir"
"1111",7642,9.99,0,7.95,49.7437636854789,"litlir"
"1112",7661,7.88,0,5,37.6268249263907,"litlir"
"1113",7664,8.55,0,5.44,39.58659679822,"litlir"
"1114",7668,8.63,0,5.51,39.8924668284926,"litlir"
"1115",7670,9.42,0,7.08,46.3914184102968,"litlir"
"1116",7680,7.64,0,4.68,36.1581026726758,"litlir"
"1117",7683,8.19,0,4.57,35.6440613518416,"litlir"
"1118",7691,6.87,0,3.73,31.5417907898579,"litlir"
"1119",7696,6.97,0,3.51,30.4083261126228,"litlir"
"1120",7697,7.63,0,4.67,36.1115718121232,"litlir"
"1121",7703,8.7,0,5.81,41.1861940899492,"litlir"
"1122",7704,7.98,0,5.14,38.257574066232,"litlir"
"1123",7709,8.76,0,6.1,42.4117498047514,"litlir"
"1124",7711,8.73,0,6.18,42.7457254563848,"litlir"
"1125",7714,7.99,0,4.49,35.2671144621691,"litlir"
"1126",7716,8.76,0,6.15,42.620687390224,"litlir"
"1127",7718,8.49,0,5.1,38.078065456771,"litlir"
"1128",7720,9.54,0,9.37,54.9167545807784,"litlir"
"1129",7727,8.74,0,6.1,42.4117498047514,"litlir"
"1130",7729,7.99,0,4.49,35.2671144621691,"litlir"
"1131",7730,9.99,0,8.13,50.4187574576535,"litlir"
"1132",7737,8.74,0,5.8,41.1435046098184,"litlir"
"1133",7744,8.76,0,6.05,42.2021294810134,"litlir"
"1134",7755,6.57,0,3.26,29.0853721708323,"litlir"
"1135",7756,6.08,0,2.07,22.1274708880733,"litlir"
"1136",7757,9.48,0,7.22,46.9415064630332,"litlir"
"1137",7758,8.76,0,6.11,42.4535916907985,"litlir"
"1138",7762,9.99,0,8.07,50.1944266671833,"litlir"
"1139",7763,9.18,0,7.33,47.3707458592997,"litlir"
"1140",7781,7.99,0,4.97,37.4907541051376,"litlir"
"1141",7787,9.98,0,8.21,50.7168428508471,"litlir"
"1142",7788,9.99,0,8.16,50.5306756944173,"litlir"
"1143",7789,7.97,0,4.77,36.5751144901057,"litlir"
"1144",9037,7.47,2.82,2.98,27.5547085030026,"litlir"
"1145",9806,6.71,2.16,2.98,27.5547085030026,"litlir"
"1146",9908,5,2,2,21.6739310514475,"litlir"
